,exp_code_str3,exp_name,imp_code_str3,imp_name,HS2,description,USD,tonne,clean_desc
0,887,Yemen,156,China,27," Anthracite, not agglomerated",302874702.869,729959.60038,"China -  Anthracite, not agglomerated"
1,887,Yemen,764,Thailand,27," Anthracite, not agglomerated",62316447.093,153015.0,"Thailand -  Anthracite, not agglomerated"
2,887,Yemen,356,India,27," Anthracite, not agglomerated",27869238.332,79633.934331,"India -  Anthracite, not agglomerated"
3,887,Yemen,392,Japan,27," Anthracite, not agglomerated",17882551.618,43531.005813,"Japan -  Anthracite, not agglomerated"
4,887,Yemen,724,Spain,03," Ornamental fish, live",15804756.523,2660.94,"Spain -  Ornamental fish, live"
5,887,Yemen,682,Saudi Arabia,09," Coffee, not roasted, not decaffeinated",7664427.576,1095.016088,"Saudi Arabia -  Coffee, not roasted, not decaffeinated"
6,887,Yemen,682,Saudi Arabia,04, Milk not concentrated nor sweetened < 1% fat,7137017.812,2978.093537,Saudi Arabia -  Milk not concentrated nor sweetened < 1% fat
7,887,Yemen,344,"China, Hong Kong SAR",03," Ornamental fish, live",6852794.316,181.197234,"China, Hong Kong SAR -  Ornamental fish, live"
8,887,Yemen,818,Egypt,03," Ornamental fish, live",5946611.96,1172.393494,"Egypt -  Ornamental fish, live"
9,887,Yemen,764,Thailand,03," Ornamental fish, live",5513953.507,4270.358,"Thailand -  Ornamental fish, live"
10,887,Yemen,380,Italy,03," Ornamental fish, live",4410405.38,760.503287,"Italy -  Ornamental fish, live"
11,887,Yemen,586,Pakistan,72," Pig iron, non-alloy, <0.5% phosphorus",3219934.023,13945.821001,"Pakistan -  Pig iron, non-alloy, <0.5% phosphorus"
12,887,Yemen,512,Oman,71," Pearls natural, not permanently mounted or set",3013604.084,52.170874000000005,"Oman -  Pearls natural, not permanently mounted or set"
13,887,Yemen,620,Portugal,03," Ornamental fish, live",2891550.0,300.288,"Portugal -  Ornamental fish, live"
14,887,Yemen,682,Saudi Arabia,08," Coconuts, fresh or dried",2777330.205,5746.971428000001,"Saudi Arabia -  Coconuts, fresh or dried"
15,887,Yemen,682,Saudi Arabia,12, Soya beans,2740606.833,770.483225,Saudi Arabia -  Soya beans
16,887,Yemen,144,Sri Lanka,03," Ornamental fish, live",2402428.198,1237.834741,"Sri Lanka -  Ornamental fish, live"
17,887,Yemen,784,United Arab Emirates,71," Pearls natural, not permanently mounted or set",2252988.111,0.715831,"United Arab Emirates -  Pearls natural, not permanently mounted or set"
18,887,Yemen,764,Thailand,72," Pig iron, non-alloy, <0.5% phosphorus",1889080.434,7434.13,"Thailand -  Pig iron, non-alloy, <0.5% phosphorus"
19,887,Yemen,512,Oman,03," Ornamental fish, live",1768470.844,2861.031841,"Oman -  Ornamental fish, live"
20,887,Yemen,682,Saudi Arabia,15," Lard, other pig fat and poultry fat, rendered",1636577.213,1344.5742679999998,"Saudi Arabia -  Lard, other pig fat and poultry fat, rendered"
21,887,Yemen,818,Egypt,23," Flour or meal, pellet of meat or offal for animal fee",1579565.055,5534.27421,"Egypt -  Flour or meal, pellet of meat or offal for animal fee"
22,887,Yemen,702,Singapore,03," Ornamental fish, live",1569190.013,74.548858,"Singapore -  Ornamental fish, live"
23,887,Yemen,682,Saudi Arabia,10, Durum wheat,1549000.425,1948.224233,Saudi Arabia -  Durum wheat
24,887,Yemen,840,United States of America,09," Coffee, not roasted, not decaffeinated",1520686.313,151.48353,"United States of America -  Coffee, not roasted, not decaffeinated"
25,887,Yemen,410,"Korea, Republic of",85, Electric motors of an output < 37.5 watts,1387505.456,2848.553633,"Korea, Republic of -  Electric motors of an output < 37.5 watts"
26,887,Yemen,705,Slovenia,78, Lead refined unwrought,1337993.931,554.47,Slovenia -  Lead refined unwrought
27,887,Yemen,392,Japan,09," Coffee, not roasted, not decaffeinated",1286824.029,137.90742699999998,"Japan -  Coffee, not roasted, not decaffeinated"
28,887,Yemen,156,China,74, Copper mattes,1280249.506,294.435761,China -  Copper mattes
29,887,Yemen,528,Netherlands (Kingdom of the),03," Ornamental fish, live",1214188.236,320.56413699999996,"Netherlands (Kingdom of the) -  Ornamental fish, live"
30,887,Yemen,392,Japan,03," Ornamental fish, live",1174127.524,98.936778,"Japan -  Ornamental fish, live"
31,887,Yemen,392,Japan,15," Lard, other pig fat and poultry fat, rendered",1118567.835,132.245112,"Japan -  Lard, other pig fat and poultry fat, rendered"
32,887,Yemen,356,India,78, Lead refined unwrought,1077299.932,1124.998694,India -  Lead refined unwrought
33,887,Yemen,250,France,03," Ornamental fish, live",1004938.895,338.775915,"France -  Ornamental fish, live"
34,887,Yemen,276,Germany,71," Pearls natural, not permanently mounted or set",1003652.326,11.802,"Germany -  Pearls natural, not permanently mounted or set"
35,887,Yemen,112,Belarus,07," Potatoes seed, fresh or chilled",945470.167,708.996079,"Belarus -  Potatoes seed, fresh or chilled"
36,887,Yemen,380,Italy,41," Bovine skins, whole, raw",901956.246,42.486919,"Italy -  Bovine skins, whole, raw"
37,887,Yemen,300,Greece,74, Copper mattes,893980.797,149.105,Greece -  Copper mattes
38,887,Yemen,276,Germany,74, Copper mattes,846396.364,133.977,Germany -  Copper mattes
39,887,Yemen,586,Pakistan,89," Cruise ships, excursion boats, ferry boats",821948.119,4511.8123430000005,"Pakistan -  Cruise ships, excursion boats, ferry boats"
40,887,Yemen,682,Saudi Arabia,03," Ornamental fish, live",756206.306,274.67445299999997,"Saudi Arabia -  Ornamental fish, live"
41,887,Yemen,512,Oman,72," Pig iron, non-alloy, <0.5% phosphorus",749046.418,4877.793781,"Oman -  Pig iron, non-alloy, <0.5% phosphorus"
42,887,Yemen,764,Thailand,78, Lead refined unwrought,681624.905,300.599,Thailand -  Lead refined unwrought
43,887,Yemen,356,India,39, Polyethylene - specific gravity <0.94 in primary form,681487.757,1200.594136,India -  Polyethylene - specific gravity <0.94 in primary form
44,887,Yemen,804,Ukraine,39, Polyethylene - specific gravity <0.94 in primary form,644501.707,2009.965519,Ukraine -  Polyethylene - specific gravity <0.94 in primary form
45,887,Yemen,410,"Korea, Republic of",72," Pig iron, non-alloy, <0.5% phosphorus",635474.329,2637.9721830000003,"Korea, Republic of -  Pig iron, non-alloy, <0.5% phosphorus"
46,887,Yemen,300,Greece,03," Ornamental fish, live",623834.814,105.23,"Greece -  Ornamental fish, live"
47,887,Yemen,792,Türkiye,39, Polyethylene - specific gravity <0.94 in primary form,619723.0,2178.95,Türkiye -  Polyethylene - specific gravity <0.94 in primary form
48,887,Yemen,512,Oman,08," Coconuts, fresh or dried",601548.783,892.9241480000001,"Oman -  Coconuts, fresh or dried"
49,887,Yemen,356,India,41," Bovine skins, whole, raw",587497.591,50.358212,"India -  Bovine skins, whole, raw"
50,887,Yemen,410,"Korea, Republic of",78, Lead refined unwrought,562460.669,477.608508,"Korea, Republic of -  Lead refined unwrought"
51,887,Yemen,788,Tunisia,03," Ornamental fish, live",552915.774,208.778973,"Tunisia -  Ornamental fish, live"
52,887,Yemen,156,China,03," Ornamental fish, live",476926.365,133.25441800000002,"China -  Ornamental fish, live"
53,887,Yemen,682,Saudi Arabia,07," Potatoes seed, fresh or chilled",429823.011,585.237515,"Saudi Arabia -  Potatoes seed, fresh or chilled"
54,887,Yemen,784,United Arab Emirates,04, Milk not concentrated nor sweetened < 1% fat,411387.092,253.932743,United Arab Emirates -  Milk not concentrated nor sweetened < 1% fat
55,887,Yemen,422,Lebanon,03," Ornamental fish, live",410430.891,127.21622500000001,"Lebanon -  Ornamental fish, live"
56,887,Yemen,344,"China, Hong Kong SAR",74, Copper mattes,408100.299,140.432615,"China, Hong Kong SAR -  Copper mattes"
57,887,Yemen,112,Belarus,08," Coconuts, fresh or dried",402806.73,743.499695,"Belarus -  Coconuts, fresh or dried"
58,887,Yemen,048,Bahrain,08," Coconuts, fresh or dried",385713.329,476.322323,"Bahrain -  Coconuts, fresh or dried"
59,887,Yemen,410,"Korea, Republic of",74, Copper mattes,370739.906,104.59552000000001,"Korea, Republic of -  Copper mattes"
60,887,Yemen,231,Ethiopia,15," Lard, other pig fat and poultry fat, rendered",344136.999,171.513927,"Ethiopia -  Lard, other pig fat and poultry fat, rendered"
61,887,Yemen,682,Saudi Arabia,20," Cucumbers,gherkins, prepared or preserved by vinegar",329657.093,482.310495,"Saudi Arabia -  Cucumbers,gherkins, prepared or preserved by vinegar"
62,887,Yemen,784,United Arab Emirates,27," Anthracite, not agglomerated",321393.218,921.7089599999999,"United Arab Emirates -  Anthracite, not agglomerated"
63,887,Yemen,682,Saudi Arabia,16," Sausages, similar products of meat, meat offal & bloo",313954.714,97.19625900000001,"Saudi Arabia -  Sausages, similar products of meat, meat offal & bloo"
64,887,Yemen,682,Saudi Arabia,73, Sheet piling of iron or steel,301599.32,160.98376199999998,Saudi Arabia -  Sheet piling of iron or steel
65,887,Yemen,356,India,85, Electric motors of an output < 37.5 watts,291305.861,631.7510520000001,India -  Electric motors of an output < 37.5 watts
66,887,Yemen,784,United Arab Emirates,03," Ornamental fish, live",287591.996,288.307053,"United Arab Emirates -  Ornamental fish, live"
67,887,Yemen,512,Oman,04, Milk not concentrated nor sweetened < 1% fat,286781.394,96.226705,Oman -  Milk not concentrated nor sweetened < 1% fat
68,887,Yemen,792,Türkiye,72," Pig iron, non-alloy, <0.5% phosphorus",268945.0,490.909,"Türkiye -  Pig iron, non-alloy, <0.5% phosphorus"
69,887,Yemen,512,Oman,87, Pedestrian controlled tractors,266839.604,44.665056,Oman -  Pedestrian controlled tractors
70,887,Yemen,360,Indonesia,03," Ornamental fish, live",233683.203,242.09797700000001,"Indonesia -  Ornamental fish, live"
71,887,Yemen,276,Germany,09," Coffee, not roasted, not decaffeinated",220853.555,18.092,"Germany -  Coffee, not roasted, not decaffeinated"
72,887,Yemen,392,Japan,78, Lead refined unwrought,185643.685,185.487194,Japan -  Lead refined unwrought
73,887,Yemen,384,Côte d'Ivoire,03," Ornamental fish, live",173228.589,175.16,"Côte d'Ivoire -  Ornamental fish, live"
74,887,Yemen,756,"Switzerland, Liechtenstein",09," Coffee, not roasted, not decaffeinated",159596.406,6.953520999999999,"Switzerland, Liechtenstein -  Coffee, not roasted, not decaffeinated"
75,887,Yemen,634,Qatar,04, Milk not concentrated nor sweetened < 1% fat,155336.917,12.986728,Qatar -  Milk not concentrated nor sweetened < 1% fat
76,887,Yemen,360,Indonesia,41," Bovine skins, whole, raw",154526.76,12.744167,"Indonesia -  Bovine skins, whole, raw"
77,887,Yemen,840,United States of America,03," Ornamental fish, live",151528.921,17.75761,"United States of America -  Ornamental fish, live"
78,887,Yemen,214,Dominican Republic,03," Ornamental fish, live",139998.152,44.922,"Dominican Republic -  Ornamental fish, live"
79,887,Yemen,104,Myanmar,03," Ornamental fish, live",138158.493,279.294,"Myanmar -  Ornamental fish, live"
80,887,Yemen,724,Spain,31," Animal or vegetable fertilizers, in packs >10 kg",133275.792,14.08,"Spain -  Animal or vegetable fertilizers, in packs >10 kg"
81,887,Yemen,784,United Arab Emirates,08," Coconuts, fresh or dried",118403.339,300.55387800000005,"United Arab Emirates -  Coconuts, fresh or dried"
82,887,Yemen,818,Egypt,17," Raw sugar, cane",112333.802,738.905858,"Egypt -  Raw sugar, cane"
83,887,Yemen,048,Bahrain,04, Milk not concentrated nor sweetened < 1% fat,108325.409,87.59900999999999,Bahrain -  Milk not concentrated nor sweetened < 1% fat
84,887,Yemen,818,Egypt,09," Coffee, not roasted, not decaffeinated",96317.418,17.596069,"Egypt -  Coffee, not roasted, not decaffeinated"
85,887,Yemen,414,Kuwait,03," Ornamental fish, live",94007.612,84.0,"Kuwait -  Ornamental fish, live"
86,887,Yemen,250,France,32, Quebracho tanning extract,92790.562,3.5892649999999997,France -  Quebracho tanning extract
87,887,Yemen,792,Türkiye,76," Aluminium unwrought, not alloyed",92418.0,81.775,"Türkiye -  Aluminium unwrought, not alloyed"
88,887,Yemen,834,"Tanzania, United Republic of",03," Ornamental fish, live",89073.799,122.59874099999999,"Tanzania, United Republic of -  Ornamental fish, live"
89,887,Yemen,634,Qatar,03," Ornamental fish, live",88503.765,113.21457000000001,"Qatar -  Ornamental fish, live"
90,887,Yemen,414,Kuwait,09," Coffee, not roasted, not decaffeinated",84907.069,7.934756999999999,"Kuwait -  Coffee, not roasted, not decaffeinated"
91,887,Yemen,410,"Korea, Republic of",09," Coffee, not roasted, not decaffeinated",84421.314,2.684239,"Korea, Republic of -  Coffee, not roasted, not decaffeinated"
92,887,Yemen,528,Netherlands (Kingdom of the),72," Pig iron, non-alloy, <0.5% phosphorus",82399.079,82.24864699999999,"Netherlands (Kingdom of the) -  Pig iron, non-alloy, <0.5% phosphorus"
93,887,Yemen,100,Bulgaria,74, Copper mattes,80139.209,23.054560000000002,Bulgaria -  Copper mattes
94,887,Yemen,414,Kuwait,04, Milk not concentrated nor sweetened < 1% fat,78778.093,7.909948,Kuwait -  Milk not concentrated nor sweetened < 1% fat
95,887,Yemen,024,Angola,15," Lard, other pig fat and poultry fat, rendered",71373.813,71.82,"Angola -  Lard, other pig fat and poultry fat, rendered"
96,887,Yemen,300,Greece,76," Aluminium unwrought, not alloyed",70644.102,49.26,"Greece -  Aluminium unwrought, not alloyed"
97,887,Yemen,231,Ethiopia,17," Raw sugar, cane",70528.303,57.90146300000001,"Ethiopia -  Raw sugar, cane"
98,887,Yemen,840,United States of America,04, Milk not concentrated nor sweetened < 1% fat,64227.31,7.012544,United States of America -  Milk not concentrated nor sweetened < 1% fat
99,887,Yemen,690,Seychelles,25," Salt (sodium chloride) including solution, salt water",64131.189,1001.75,"Seychelles -  Salt (sodium chloride) including solution, salt water"
100,887,Yemen,048,Bahrain,07," Potatoes seed, fresh or chilled",63807.645,14.788234000000001,"Bahrain -  Potatoes seed, fresh or chilled"
101,887,Yemen,512,Oman,09," Coffee, not roasted, not decaffeinated",63789.135,35.907802000000004,"Oman -  Coffee, not roasted, not decaffeinated"
102,887,Yemen,702,Singapore,04, Milk not concentrated nor sweetened < 1% fat,63069.362,23.505588,Singapore -  Milk not concentrated nor sweetened < 1% fat
103,887,Yemen,682,Saudi Arabia,69," Bricks, blocks and ceramic goods of siliceous earths",60188.984,71.266198,"Saudi Arabia -  Bricks, blocks and ceramic goods of siliceous earths"
104,887,Yemen,729,Sudan,12, Soya beans,55168.918,2.52,Sudan -  Soya beans
105,887,Yemen,414,Kuwait,16," Sausages, similar products of meat, meat offal & bloo",55055.902,56.0,"Kuwait -  Sausages, similar products of meat, meat offal & bloo"
106,887,Yemen,356,India,23," Flour or meal, pellet of meat or offal for animal fee",54168.46,52.065523,"India -  Flour or meal, pellet of meat or offal for animal fee"
107,887,Yemen,360,Indonesia,39, Polyethylene - specific gravity <0.94 in primary form,53052.885,120.762451,Indonesia -  Polyethylene - specific gravity <0.94 in primary form
108,887,Yemen,784,United Arab Emirates,78, Lead refined unwrought,51877.86,34.04287,United Arab Emirates -  Lead refined unwrought
109,887,Yemen,682,Saudi Arabia,25," Salt (sodium chloride) including solution, salt water",48565.771,271.525119,"Saudi Arabia -  Salt (sodium chloride) including solution, salt water"
110,887,Yemen,512,Oman,16," Sausages, similar products of meat, meat offal & bloo",47999.005,16.516411,"Oman -  Sausages, similar products of meat, meat offal & bloo"
111,887,Yemen,643,Russian Federation,09," Coffee, not roasted, not decaffeinated",45409.757,2.8377440000000003,"Russian Federation -  Coffee, not roasted, not decaffeinated"
112,887,Yemen,586,Pakistan,41," Bovine skins, whole, raw",40176.751,6.559634,"Pakistan -  Bovine skins, whole, raw"
113,887,Yemen,276,Germany,13, Lac,39693.426,10.45,Germany -  Lac
114,887,Yemen,682,Saudi Arabia,46, Plaits and products of plaiting materials,39090.317,59.697503,Saudi Arabia -  Plaits and products of plaiting materials
115,887,Yemen,056,Belgium,78, Lead refined unwrought,38894.428,29.912359000000002,Belgium -  Lead refined unwrought
116,887,Yemen,840,United States of America,84, Nuclear reactors,38597.04,29.22068,United States of America -  Nuclear reactors
117,887,Yemen,792,Türkiye,31," Animal or vegetable fertilizers, in packs >10 kg",37810.0,67.9,"Türkiye -  Animal or vegetable fertilizers, in packs >10 kg"
118,887,Yemen,076,Brazil,39, Polyethylene - specific gravity <0.94 in primary form,36425.0,7.0,Brazil -  Polyethylene - specific gravity <0.94 in primary form
119,887,Yemen,840,United States of America,15," Lard, other pig fat and poultry fat, rendered",35427.046,14.960665,"United States of America -  Lard, other pig fat and poultry fat, rendered"
120,887,Yemen,156,China,79," Zinc, not alloyed, unwrought, >99% pure",30412.953,26.315459999999998,"China -  Zinc, not alloyed, unwrought, >99% pure"
121,887,Yemen,508,Mozambique,03," Ornamental fish, live",30155.64,56.925,"Mozambique -  Ornamental fish, live"
122,887,Yemen,276,Germany,56," Sanitary towels, diapers and similar articles",30007.325,2.743,"Germany -  Sanitary towels, diapers and similar articles"
123,887,Yemen,276,Germany,03," Ornamental fish, live",29666.717,3.746166,"Germany -  Ornamental fish, live"
124,887,Yemen,634,Qatar,09," Coffee, not roasted, not decaffeinated",29479.26,3.4111149999999997,"Qatar -  Coffee, not roasted, not decaffeinated"
125,887,Yemen,036,Australia,09," Coffee, not roasted, not decaffeinated",29177.621,2.0,"Australia -  Coffee, not roasted, not decaffeinated"
126,887,Yemen,156,China,38, Artificial graphite,27166.152,27.489398,China -  Artificial graphite
127,887,Yemen,826,United Kingdom,09," Coffee, not roasted, not decaffeinated",27136.084,0.5214310000000001,"United Kingdom -  Coffee, not roasted, not decaffeinated"
128,887,Yemen,554,New Zealand,33, Essential oils of bergamot,24398.062,6.409593,New Zealand -  Essential oils of bergamot
129,887,Yemen,156,China,47, Mechanical wood pulp,23816.537,144.509149,China -  Mechanical wood pulp
130,887,Yemen,616,Poland,03," Ornamental fish, live",23286.416,2.818534,"Poland -  Ornamental fish, live"
131,887,Yemen,512,Oman,12, Soya beans,22964.021,19.397825,Oman -  Soya beans
132,887,Yemen,634,Qatar,08," Coconuts, fresh or dried",22260.729,38.000051,"Qatar -  Coconuts, fresh or dried"
133,887,Yemen,056,Belgium,74, Copper mattes,21020.993,6.788372000000001,Belgium -  Copper mattes
134,887,Yemen,682,Saudi Arabia,32, Quebracho tanning extract,20137.783,0.024690999999999998,Saudi Arabia -  Quebracho tanning extract
135,887,Yemen,724,Spain,14, Bamboos used primarily for plaiting,19570.635,1.7,Spain -  Bamboos used primarily for plaiting
136,887,Yemen,792,Türkiye,09," Coffee, not roasted, not decaffeinated",18849.0,1.27,"Türkiye -  Coffee, not roasted, not decaffeinated"
137,887,Yemen,702,Singapore,72," Pig iron, non-alloy, <0.5% phosphorus",18569.026,15.34316,"Singapore -  Pig iron, non-alloy, <0.5% phosphorus"
138,887,Yemen,682,Saudi Arabia,11, Wheat or meslin flour,18206.096,22.249736000000002,Saudi Arabia -  Wheat or meslin flour
139,887,Yemen,512,Oman,23," Flour or meal, pellet of meat or offal for animal fee",17703.131,64.306911,"Oman -  Flour or meal, pellet of meat or offal for animal fee"
140,887,Yemen,174,Comoros,21," Coffee extracts, essences, concentrates, preparations",17146.29,10.3,"Comoros -  Coffee extracts, essences, concentrates, preparations"
141,887,Yemen,646,Rwanda,03," Ornamental fish, live",16986.408,25.811609,"Rwanda -  Ornamental fish, live"
142,887,Yemen,356,India,26," Iron ore, concentrate, not iron pyrites,unagglomerate",16905.052,10.70291,"India -  Iron ore, concentrate, not iron pyrites,unagglomerate"
143,887,Yemen,784,United Arab Emirates,20," Cucumbers,gherkins, prepared or preserved by vinegar",16583.2,40.922686999999996,"United Arab Emirates -  Cucumbers,gherkins, prepared or preserved by vinegar"
144,887,Yemen,784,United Arab Emirates,22, Mineral and aerated waters not sweetened or flavoured,15961.221,23.655901,United Arab Emirates -  Mineral and aerated waters not sweetened or flavoured
145,887,Yemen,784,United Arab Emirates,16," Sausages, similar products of meat, meat offal & bloo",15766.389,3.942865,"United Arab Emirates -  Sausages, similar products of meat, meat offal & bloo"
146,887,Yemen,422,Lebanon,19," Infant foods of cereals, flour, starch or milk, retai",14903.275,10.468399999999999,"Lebanon -  Infant foods of cereals, flour, starch or milk, retai"
147,887,Yemen,512,Oman,15," Lard, other pig fat and poultry fat, rendered",14442.066,4.369408,"Oman -  Lard, other pig fat and poultry fat, rendered"
148,887,Yemen,634,Qatar,12, Soya beans,13874.986,0.828206,Qatar -  Soya beans
149,887,Yemen,231,Ethiopia,20," Cucumbers,gherkins, prepared or preserved by vinegar",13570.116,13.798437,"Ethiopia -  Cucumbers,gherkins, prepared or preserved by vinegar"
150,887,Yemen,634,Qatar,15," Lard, other pig fat and poultry fat, rendered",13548.15,1.3991959999999999,"Qatar -  Lard, other pig fat and poultry fat, rendered"
151,887,Yemen,682,Saudi Arabia,68," Stone setts, curbstones, flagstones (except slate)",13439.27,44.171062,"Saudi Arabia -  Stone setts, curbstones, flagstones (except slate)"
152,887,Yemen,840,United States of America,94," Seats, aircraft",12980.263,1.6902929999999998,"United States of America -  Seats, aircraft"
153,887,Yemen,634,Qatar,44, Fuel wood,12592.598,25.214569,Qatar -  Fuel wood
154,887,Yemen,174,Comoros,87, Pedestrian controlled tractors,12261.048,8.195,Comoros -  Pedestrian controlled tractors
155,887,Yemen,422,Lebanon,08," Coconuts, fresh or dried",12235.623,20.110758,"Lebanon -  Coconuts, fresh or dried"
156,887,Yemen,288,Ghana,19," Infant foods of cereals, flour, starch or milk, retai",11360.044,20.856997,"Ghana -  Infant foods of cereals, flour, starch or milk, retai"
157,887,Yemen,702,Singapore,85, Electric motors of an output < 37.5 watts,11178.729,0.459774,Singapore -  Electric motors of an output < 37.5 watts
158,887,Yemen,784,United Arab Emirates,12, Soya beans,11093.103,8.603022000000001,United Arab Emirates -  Soya beans
159,887,Yemen,120,Cameroon,03," Ornamental fish, live",10826.896,11.231707,"Cameroon -  Ornamental fish, live"
160,887,Yemen,682,Saudi Arabia,44, Fuel wood,10736.18,18.316106,Saudi Arabia -  Fuel wood
161,887,Yemen,152,Chile,09," Coffee, not roasted, not decaffeinated",10419.463,1.908664,"Chile -  Coffee, not roasted, not decaffeinated"
162,887,Yemen,784,United Arab Emirates,09," Coffee, not roasted, not decaffeinated",9891.717,5.6046689999999995,"United Arab Emirates -  Coffee, not roasted, not decaffeinated"
163,887,Yemen,764,Thailand,09," Coffee, not roasted, not decaffeinated",9768.152,0.96,"Thailand -  Coffee, not roasted, not decaffeinated"
164,887,Yemen,242,Fiji,63, Electric blankets of textile material,9697.015,1.5554970000000001,Fiji -  Electric blankets of textile material
165,887,Yemen,328,Guyana,87, Pedestrian controlled tractors,9616.282,4.0,Guyana -  Pedestrian controlled tractors
166,887,Yemen,840,United States of America,73, Sheet piling of iron or steel,9372.787,2.4666669999999997,United States of America -  Sheet piling of iron or steel
167,887,Yemen,840,United States of America,08," Coconuts, fresh or dried",9346.819,0.329395,"United States of America -  Coconuts, fresh or dried"
168,887,Yemen,764,Thailand,39, Polyethylene - specific gravity <0.94 in primary form,8954.056,122.794,Thailand -  Polyethylene - specific gravity <0.94 in primary form
169,887,Yemen,818,Egypt,15," Lard, other pig fat and poultry fat, rendered",8915.225,3.971181,"Egypt -  Lard, other pig fat and poultry fat, rendered"
170,887,Yemen,682,Saudi Arabia,39, Polyethylene - specific gravity <0.94 in primary form,8845.373,18.554192999999998,Saudi Arabia -  Polyethylene - specific gravity <0.94 in primary form
171,887,Yemen,512,Oman,20," Cucumbers,gherkins, prepared or preserved by vinegar",8475.593,24.946091,"Oman -  Cucumbers,gherkins, prepared or preserved by vinegar"
172,887,Yemen,512,Oman,84, Nuclear reactors,8358.52,8.33308,Oman -  Nuclear reactors
173,887,Yemen,756,"Switzerland, Liechtenstein",84, Nuclear reactors,8297.736,0.24072300000000002,"Switzerland, Liechtenstein -  Nuclear reactors"
174,887,Yemen,512,Oman,69," Bricks, blocks and ceramic goods of siliceous earths",7822.952,7.122602,"Oman -  Bricks, blocks and ceramic goods of siliceous earths"
175,887,Yemen,840,United States of America,33, Essential oils of bergamot,7557.841,2.708179,United States of America -  Essential oils of bergamot
176,887,Yemen,404,Kenya,03," Ornamental fish, live",7000.977,13.976037,"Kenya -  Ornamental fish, live"
177,887,Yemen,356,India,84, Nuclear reactors,6793.711,0.583466,India -  Nuclear reactors
178,887,Yemen,784,United Arab Emirates,73, Sheet piling of iron or steel,6613.554,8.218696,United Arab Emirates -  Sheet piling of iron or steel
179,887,Yemen,682,Saudi Arabia,85, Electric motors of an output < 37.5 watts,6595.825,26.401833999999997,Saudi Arabia -  Electric motors of an output < 37.5 watts
180,887,Yemen,840,United States of America,20," Cucumbers,gherkins, prepared or preserved by vinegar",6550.165,3.179174,"United States of America -  Cucumbers,gherkins, prepared or preserved by vinegar"
181,887,Yemen,608,Philippines,85, Electric motors of an output < 37.5 watts,6475.091,0.013023,Philippines -  Electric motors of an output < 37.5 watts
182,887,Yemen,414,Kuwait,31," Animal or vegetable fertilizers, in packs >10 kg",6450.949,50.0,"Kuwait -  Animal or vegetable fertilizers, in packs >10 kg"
183,887,Yemen,048,Bahrain,20," Cucumbers,gherkins, prepared or preserved by vinegar",6393.25,12.491738,"Bahrain -  Cucumbers,gherkins, prepared or preserved by vinegar"
184,887,Yemen,504,Morocco,39, Polyethylene - specific gravity <0.94 in primary form,6316.989,13.787276,Morocco -  Polyethylene - specific gravity <0.94 in primary form
185,887,Yemen,512,Oman,07," Potatoes seed, fresh or chilled",5960.83,25.342029999999998,"Oman -  Potatoes seed, fresh or chilled"
186,887,Yemen,682,Saudi Arabia,33, Essential oils of bergamot,5933.72,1.338065,Saudi Arabia -  Essential oils of bergamot
187,887,Yemen,558,Nicaragua,30," Glands and other organs, dried, for therapeutic uses",5890.582,0.14161400000000002,"Nicaragua -  Glands and other organs, dried, for therapeutic uses"
188,887,Yemen,784,United Arab Emirates,15," Lard, other pig fat and poultry fat, rendered",5823.669,4.591334,"United Arab Emirates -  Lard, other pig fat and poultry fat, rendered"
189,887,Yemen,372,Ireland,87, Pedestrian controlled tractors,5758.192,0.45369600000000004,Ireland -  Pedestrian controlled tractors
190,887,Yemen,784,United Arab Emirates,79," Zinc, not alloyed, unwrought, >99% pure",5569.196,8.430453,"United Arab Emirates -  Zinc, not alloyed, unwrought, >99% pure"
191,887,Yemen,392,Japan,74, Copper mattes,5567.408,1.7684490000000002,Japan -  Copper mattes
192,887,Yemen,404,Kenya,19," Infant foods of cereals, flour, starch or milk, retai",5561.081,4.209788,"Kenya -  Infant foods of cereals, flour, starch or milk, retai"
193,887,Yemen,156,China,73, Sheet piling of iron or steel,5457.171,2.07884,China -  Sheet piling of iron or steel
194,887,Yemen,032,Argentina,73, Sheet piling of iron or steel,5372.295,1.909902,Argentina -  Sheet piling of iron or steel
195,887,Yemen,276,Germany,85, Electric motors of an output < 37.5 watts,5105.453,0.004,Germany -  Electric motors of an output < 37.5 watts
196,887,Yemen,634,Qatar,10, Durum wheat,4892.574,7.844355999999999,Qatar -  Durum wheat
197,887,Yemen,270,Gambia,17," Raw sugar, cane",4886.824,22.098,"Gambia -  Raw sugar, cane"
198,887,Yemen,076,Brazil,84, Nuclear reactors,4851.783,0.12446299999999999,Brazil -  Nuclear reactors
199,887,Yemen,048,Bahrain,03," Ornamental fish, live",4761.539,0.624084,"Bahrain -  Ornamental fish, live"
200,887,Yemen,512,Oman,10, Durum wheat,4710.495,9.126038000000001,Oman -  Durum wheat
201,887,Yemen,156,China,26," Iron ore, concentrate, not iron pyrites,unagglomerate",4675.883,4.7310810000000005,"China -  Iron ore, concentrate, not iron pyrites,unagglomerate"
202,887,Yemen,032,Argentina,87, Pedestrian controlled tractors,4601.264,1.198306,Argentina -  Pedestrian controlled tractors
203,887,Yemen,446,"China, Macao SAR",03," Ornamental fish, live",4509.7,0.07,"China, Macao SAR -  Ornamental fish, live"
204,887,Yemen,634,Qatar,69," Bricks, blocks and ceramic goods of siliceous earths",4438.369,3.252147,"Qatar -  Bricks, blocks and ceramic goods of siliceous earths"
205,887,Yemen,682,Saudi Arabia,76," Aluminium unwrought, not alloyed",4380.39,11.701265,"Saudi Arabia -  Aluminium unwrought, not alloyed"
206,887,Yemen,380,Italy,39, Polyethylene - specific gravity <0.94 in primary form,4267.349,9.97406,Italy -  Polyethylene - specific gravity <0.94 in primary form
207,887,Yemen,076,Brazil,38, Artificial graphite,4115.0,0.6,Brazil -  Artificial graphite
208,887,Yemen,380,Italy,32, Quebracho tanning extract,4109.931,0.359625,Italy -  Quebracho tanning extract
209,887,Yemen,682,Saudi Arabia,96," Worked ivory, articles of ivory",4023.002,9.07924,"Saudi Arabia -  Worked ivory, articles of ivory"
210,887,Yemen,156,China,05," Hair, human, unworked, waste of human hair",3904.657,9.330295,"China -  Hair, human, unworked, waste of human hair"
211,887,Yemen,682,Saudi Arabia,13, Lac,3815.183,5.137774,Saudi Arabia -  Lac
212,887,Yemen,840,United States of America,39, Polyethylene - specific gravity <0.94 in primary form,3679.44,0.974035,United States of America -  Polyethylene - specific gravity <0.94 in primary form
213,887,Yemen,682,Saudi Arabia,23," Flour or meal, pellet of meat or offal for animal fee",3408.227,10.885975,"Saudi Arabia -  Flour or meal, pellet of meat or offal for animal fee"
214,887,Yemen,682,Saudi Arabia,62," Mens, boys overcoats of wool or hair, not knit",3372.031,1.811907,"Saudi Arabia -  Mens, boys overcoats of wool or hair, not knit"
215,887,Yemen,040,Austria,03," Ornamental fish, live",3368.15,0.489416,"Austria -  Ornamental fish, live"
216,887,Yemen,682,Saudi Arabia,82, Spades and shovels,3106.388,9.288798,Saudi Arabia -  Spades and shovels
217,887,Yemen,840,United States of America,21," Coffee extracts, essences, concentrates, preparations",2945.665,0.928308,"United States of America -  Coffee extracts, essences, concentrates, preparations"
218,887,Yemen,682,Saudi Arabia,84, Nuclear reactors,2935.672,19.555123,Saudi Arabia -  Nuclear reactors
219,887,Yemen,784,United Arab Emirates,76," Aluminium unwrought, not alloyed",2794.346,11.490413,"United Arab Emirates -  Aluminium unwrought, not alloyed"
220,887,Yemen,400,Jordan,15," Lard, other pig fat and poultry fat, rendered",2693.0,1.988539,"Jordan -  Lard, other pig fat and poultry fat, rendered"
221,887,Yemen,508,Mozambique,87, Pedestrian controlled tractors,2685.65,0.259896,Mozambique -  Pedestrian controlled tractors
222,887,Yemen,784,United Arab Emirates,68," Stone setts, curbstones, flagstones (except slate)",2612.316,7.304063,"United Arab Emirates -  Stone setts, curbstones, flagstones (except slate)"
223,887,Yemen,840,United States of America,69," Bricks, blocks and ceramic goods of siliceous earths",2577.94,0.980438,"United States of America -  Bricks, blocks and ceramic goods of siliceous earths"
224,887,Yemen,410,"Korea, Republic of",76," Aluminium unwrought, not alloyed",2468.181,3.032959,"Korea, Republic of -  Aluminium unwrought, not alloyed"
225,887,Yemen,512,Oman,73, Sheet piling of iron or steel,2395.142,5.6642030000000005,Oman -  Sheet piling of iron or steel
226,887,Yemen,682,Saudi Arabia,94," Seats, aircraft",2287.295,0.932395,"Saudi Arabia -  Seats, aircraft"
227,887,Yemen,616,Poland,09," Coffee, not roasted, not decaffeinated",2163.318,0.06784399999999999,"Poland -  Coffee, not roasted, not decaffeinated"
228,887,Yemen,356,India,33, Essential oils of bergamot,2142.413,0.321426,India -  Essential oils of bergamot
229,887,Yemen,784,United Arab Emirates,39, Polyethylene - specific gravity <0.94 in primary form,2139.145,6.404832000000001,United Arab Emirates -  Polyethylene - specific gravity <0.94 in primary form
230,887,Yemen,818,Egypt,41," Bovine skins, whole, raw",2096.391,0.29436399999999996,"Egypt -  Bovine skins, whole, raw"
231,887,Yemen,048,Bahrain,16," Sausages, similar products of meat, meat offal & bloo",2038.153,0.482871,"Bahrain -  Sausages, similar products of meat, meat offal & bloo"
232,887,Yemen,784,United Arab Emirates,62," Mens, boys overcoats of wool or hair, not knit",2009.216,0.42132200000000003,"United Arab Emirates -  Mens, boys overcoats of wool or hair, not knit"
233,887,Yemen,048,Bahrain,09," Coffee, not roasted, not decaffeinated",1950.459,0.944418,"Bahrain -  Coffee, not roasted, not decaffeinated"
234,887,Yemen,826,United Kingdom,85, Electric motors of an output < 37.5 watts,1901.133,0.517572,United Kingdom -  Electric motors of an output < 37.5 watts
235,887,Yemen,400,Jordan,49," Brochures, leaflets and similar, in single sheets",1880.503,0.174034,"Jordan -  Brochures, leaflets and similar, in single sheets"
236,887,Yemen,554,New Zealand,09," Coffee, not roasted, not decaffeinated",1829.913,0.117248,"New Zealand -  Coffee, not roasted, not decaffeinated"
237,887,Yemen,512,Oman,82, Spades and shovels,1791.34,5.851594,Oman -  Spades and shovels
238,887,Yemen,702,Singapore,73, Sheet piling of iron or steel,1718.208,0.42055200000000004,Singapore -  Sheet piling of iron or steel
239,887,Yemen,784,United Arab Emirates,23," Flour or meal, pellet of meat or offal for animal fee",1693.732,17.167046,"United Arab Emirates -  Flour or meal, pellet of meat or offal for animal fee"
240,887,Yemen,512,Oman,96," Worked ivory, articles of ivory",1665.522,1.2085380000000001,"Oman -  Worked ivory, articles of ivory"
241,887,Yemen,032,Argentina,84, Nuclear reactors,1662.595,0.142197,Argentina -  Nuclear reactors
242,887,Yemen,512,Oman,11, Wheat or meslin flour,1641.29,4.387392,Oman -  Wheat or meslin flour
243,887,Yemen,682,Saudi Arabia,42," Saddlery and harness, of any material",1636.876,4.325029000000001,"Saudi Arabia -  Saddlery and harness, of any material"
244,887,Yemen,528,Netherlands (Kingdom of the),09," Coffee, not roasted, not decaffeinated",1632.678,0.262284,"Netherlands (Kingdom of the) -  Coffee, not roasted, not decaffeinated"
245,887,Yemen,756,"Switzerland, Liechtenstein",82, Spades and shovels,1598.547,0.069062,"Switzerland, Liechtenstein -  Spades and shovels"
246,887,Yemen,392,Japan,84, Nuclear reactors,1571.709,0.041235999999999995,Japan -  Nuclear reactors
247,887,Yemen,578,Norway,03," Ornamental fish, live",1548.75,0.307356,"Norway -  Ornamental fish, live"
248,887,Yemen,512,Oman,26," Iron ore, concentrate, not iron pyrites,unagglomerate",1509.945,1.569803,"Oman -  Iron ore, concentrate, not iron pyrites,unagglomerate"
249,887,Yemen,756,"Switzerland, Liechtenstein",85, Electric motors of an output < 37.5 watts,1503.48,0.024693,"Switzerland, Liechtenstein -  Electric motors of an output < 37.5 watts"
250,887,Yemen,040,Austria,39, Polyethylene - specific gravity <0.94 in primary form,1478.566,0.046723999999999995,Austria -  Polyethylene - specific gravity <0.94 in primary form
251,887,Yemen,756,"Switzerland, Liechtenstein",68," Stone setts, curbstones, flagstones (except slate)",1471.002,0.176227,"Switzerland, Liechtenstein -  Stone setts, curbstones, flagstones (except slate)"
252,887,Yemen,604,Peru,84, Nuclear reactors,1461.57,0.020210000000000002,Peru -  Nuclear reactors
253,887,Yemen,512,Oman,38, Artificial graphite,1432.8,0.62751,Oman -  Artificial graphite
254,887,Yemen,112,Belarus,12, Soya beans,1398.382,1.1201949999999998,Belarus -  Soya beans
255,887,Yemen,404,Kenya,22, Mineral and aerated waters not sweetened or flavoured,1394.488,25.459897,Kenya -  Mineral and aerated waters not sweetened or flavoured
256,887,Yemen,784,United Arab Emirates,25," Salt (sodium chloride) including solution, salt water",1329.422,6.979876,"United Arab Emirates -  Salt (sodium chloride) including solution, salt water"
257,887,Yemen,784,United Arab Emirates,69," Bricks, blocks and ceramic goods of siliceous earths",1320.971,2.2720439999999997,"United Arab Emirates -  Bricks, blocks and ceramic goods of siliceous earths"
258,887,Yemen,528,Netherlands (Kingdom of the),74, Copper mattes,1298.907,0.096038,Netherlands (Kingdom of the) -  Copper mattes
259,887,Yemen,818,Egypt,94," Seats, aircraft",1280.987,0.49542,"Egypt -  Seats, aircraft"
260,887,Yemen,840,United States of America,61," Mens, boys overcoats, etc, of wool or hair, knit",1269.77,0.231088,"United States of America -  Mens, boys overcoats, etc, of wool or hair, knit"
261,887,Yemen,826,United Kingdom,90," Optical fibres, except for telecommunications",1259.555,0.000929,"United Kingdom -  Optical fibres, except for telecommunications"
262,887,Yemen,174,Comoros,15," Lard, other pig fat and poultry fat, rendered",1257.961,1.5,"Comoros -  Lard, other pig fat and poultry fat, rendered"
263,887,Yemen,512,Oman,39, Polyethylene - specific gravity <0.94 in primary form,1230.019,1.52782,Oman -  Polyethylene - specific gravity <0.94 in primary form
264,887,Yemen,400,Jordan,03," Ornamental fish, live",1220.792,0.420464,"Jordan -  Ornamental fish, live"
265,887,Yemen,512,Oman,68," Stone setts, curbstones, flagstones (except slate)",1204.95,0.559036,"Oman -  Stone setts, curbstones, flagstones (except slate)"
266,887,Yemen,756,"Switzerland, Liechtenstein",34," Soaps, for toilet use, solid",1199.151,0.029443,"Switzerland, Liechtenstein -  Soaps, for toilet use, solid"
267,887,Yemen,328,Guyana,94," Seats, aircraft",1184.847,0.7442000000000001,"Guyana -  Seats, aircraft"
268,887,Yemen,682,Saudi Arabia,90," Optical fibres, except for telecommunications",1158.055,3.135497,"Saudi Arabia -  Optical fibres, except for telecommunications"
269,887,Yemen,512,Oman,41," Bovine skins, whole, raw",1122.406,0.155858,"Oman -  Bovine skins, whole, raw"
270,887,Yemen,784,United Arab Emirates,07," Potatoes seed, fresh or chilled",1119.292,11.506848,"United Arab Emirates -  Potatoes seed, fresh or chilled"
271,887,Yemen,682,Saudi Arabia,14, Bamboos used primarily for plaiting,1115.076,0.999568,Saudi Arabia -  Bamboos used primarily for plaiting
272,887,Yemen,250,France,16," Sausages, similar products of meat, meat offal & bloo",1071.238,0.09425199999999999,"France -  Sausages, similar products of meat, meat offal & bloo"
273,887,Yemen,512,Oman,25," Salt (sodium chloride) including solution, salt water",1054.016,6.218948999999999,"Oman -  Salt (sodium chloride) including solution, salt water"
274,887,Yemen,756,"Switzerland, Liechtenstein",73, Sheet piling of iron or steel,968.949,0.30957799999999996,"Switzerland, Liechtenstein -  Sheet piling of iron or steel"
275,887,Yemen,804,Ukraine,09," Coffee, not roasted, not decaffeinated",968.463,0.039027,"Ukraine -  Coffee, not roasted, not decaffeinated"
276,887,Yemen,784,United Arab Emirates,19," Infant foods of cereals, flour, starch or milk, retai",958.845,0.9935539999999999,"United Arab Emirates -  Infant foods of cereals, flour, starch or milk, retai"
277,887,Yemen,218,Ecuador,84, Nuclear reactors,947.08,0.08687,Ecuador -  Nuclear reactors
278,887,Yemen,400,Jordan,44, Fuel wood,941.714,0.984085,Jordan -  Fuel wood
279,887,Yemen,156,China,09," Coffee, not roasted, not decaffeinated",917.697,0.030612999999999998,"China -  Coffee, not roasted, not decaffeinated"
280,887,Yemen,414,Kuwait,42," Saddlery and harness, of any material",894.746,0.039793999999999996,"Kuwait -  Saddlery and harness, of any material"
281,887,Yemen,702,Singapore,09," Coffee, not roasted, not decaffeinated",886.497,0.029064,"Singapore -  Coffee, not roasted, not decaffeinated"
282,887,Yemen,826,United Kingdom,73, Sheet piling of iron or steel,874.448,0.6191230000000001,United Kingdom -  Sheet piling of iron or steel
283,887,Yemen,356,India,13, Lac,834.697,0.584986,India -  Lac
284,887,Yemen,512,Oman,19," Infant foods of cereals, flour, starch or milk, retai",824.234,0.9044829999999999,"Oman -  Infant foods of cereals, flour, starch or milk, retai"
285,887,Yemen,512,Oman,85, Electric motors of an output < 37.5 watts,819.865,0.072542,Oman -  Electric motors of an output < 37.5 watts
286,887,Yemen,840,United States of America,71," Pearls natural, not permanently mounted or set",801.486,0.000155,"United States of America -  Pearls natural, not permanently mounted or set"
287,887,Yemen,792,Türkiye,03," Ornamental fish, live",787.0,0.283,"Türkiye -  Ornamental fish, live"
288,887,Yemen,512,Oman,46, Plaits and products of plaiting materials,764.349,0.427379,Oman -  Plaits and products of plaiting materials
289,887,Yemen,784,United Arab Emirates,42," Saddlery and harness, of any material",701.982,0.059424,"United Arab Emirates -  Saddlery and harness, of any material"
290,887,Yemen,344,"China, Hong Kong SAR",85, Electric motors of an output < 37.5 watts,690.68,0.017545,"China, Hong Kong SAR -  Electric motors of an output < 37.5 watts"
291,887,Yemen,702,Singapore,15," Lard, other pig fat and poultry fat, rendered",677.286,0.26812400000000003,"Singapore -  Lard, other pig fat and poultry fat, rendered"
292,887,Yemen,156,China,85, Electric motors of an output < 37.5 watts,651.244,0.001181,China -  Electric motors of an output < 37.5 watts
293,887,Yemen,174,Comoros,09," Coffee, not roasted, not decaffeinated",648.825,0.5,"Comoros -  Coffee, not roasted, not decaffeinated"
294,887,Yemen,834,"Tanzania, United Republic of",33, Essential oils of bergamot,636.586,1.808474,"Tanzania, United Republic of -  Essential oils of bergamot"
295,887,Yemen,826,United Kingdom,71," Pearls natural, not permanently mounted or set",632.369,0.650183,"United Kingdom -  Pearls natural, not permanently mounted or set"
296,887,Yemen,352,Iceland,09," Coffee, not roasted, not decaffeinated",621.069,0.01439,"Iceland -  Coffee, not roasted, not decaffeinated"
297,887,Yemen,788,Tunisia,85, Electric motors of an output < 37.5 watts,620.066,0.0041719999999999995,Tunisia -  Electric motors of an output < 37.5 watts
298,887,Yemen,512,Oman,33, Essential oils of bergamot,619.239,0.449096,Oman -  Essential oils of bergamot
299,887,Yemen,174,Comoros,82, Spades and shovels,593.107,7.7,Comoros -  Spades and shovels
300,887,Yemen,422,Lebanon,04, Milk not concentrated nor sweetened < 1% fat,591.47,0.055764,Lebanon -  Milk not concentrated nor sweetened < 1% fat
301,887,Yemen,276,Germany,12, Soya beans,563.843,0.087946,Germany -  Soya beans
302,887,Yemen,120,Cameroon,84, Nuclear reactors,546.079,0.010894000000000001,Cameroon -  Nuclear reactors
303,887,Yemen,048,Bahrain,73, Sheet piling of iron or steel,538.124,0.539929,Bahrain -  Sheet piling of iron or steel
304,887,Yemen,380,Italy,09," Coffee, not roasted, not decaffeinated",528.577,0.0012909999999999998,"Italy -  Coffee, not roasted, not decaffeinated"
305,887,Yemen,203,Czechia,09," Coffee, not roasted, not decaffeinated",526.19,0.022028,"Czechia -  Coffee, not roasted, not decaffeinated"
306,887,Yemen,512,Oman,54, Sewing thread of synthetic filaments,519.655,0.130405,Oman -  Sewing thread of synthetic filaments
307,887,Yemen,784,United Arab Emirates,74, Copper mattes,519.241,0.024300000000000002,United Arab Emirates -  Copper mattes
308,887,Yemen,512,Oman,13, Lac,513.446,0.827704,Oman -  Lac
309,887,Yemen,360,Indonesia,84, Nuclear reactors,505.448,0.058546,Indonesia -  Nuclear reactors
310,887,Yemen,616,Poland,90," Optical fibres, except for telecommunications",503.604,0.00379,"Poland -  Optical fibres, except for telecommunications"
311,887,Yemen,512,Oman,62," Mens, boys overcoats of wool or hair, not knit",480.585,0.055133,"Oman -  Mens, boys overcoats of wool or hair, not knit"
312,887,Yemen,784,United Arab Emirates,10, Durum wheat,477.543,1.218928,United Arab Emirates -  Durum wheat
313,887,Yemen,784,United Arab Emirates,84, Nuclear reactors,440.281,0.064969,United Arab Emirates -  Nuclear reactors
314,887,Yemen,784,United Arab Emirates,34," Soaps, for toilet use, solid",433.939,0.110441,"United Arab Emirates -  Soaps, for toilet use, solid"
315,887,Yemen,784,United Arab Emirates,44, Fuel wood,420.404,0.740804,United Arab Emirates -  Fuel wood
316,887,Yemen,528,Netherlands (Kingdom of the),76," Aluminium unwrought, not alloyed",409.579,0.379909,"Netherlands (Kingdom of the) -  Aluminium unwrought, not alloyed"
317,887,Yemen,203,Czechia,13, Lac,408.843,0.035351999999999995,Czechia -  Lac
318,887,Yemen,400,Jordan,21," Coffee extracts, essences, concentrates, preparations",405.867,0.019989,"Jordan -  Coffee extracts, essences, concentrates, preparations"
319,887,Yemen,818,Egypt,85, Electric motors of an output < 37.5 watts,391.818,0.067411,Egypt -  Electric motors of an output < 37.5 watts
320,887,Yemen,410,"Korea, Republic of",04, Milk not concentrated nor sweetened < 1% fat,384.156,0.003111,"Korea, Republic of -  Milk not concentrated nor sweetened < 1% fat"
321,887,Yemen,784,United Arab Emirates,21," Coffee extracts, essences, concentrates, preparations",350.701,0.052835,"United Arab Emirates -  Coffee extracts, essences, concentrates, preparations"
322,887,Yemen,818,Egypt,84, Nuclear reactors,350.402,0.043016,Egypt -  Nuclear reactors
323,887,Yemen,702,Singapore,33, Essential oils of bergamot,340.732,0.010384000000000001,Singapore -  Essential oils of bergamot
324,887,Yemen,634,Qatar,20," Cucumbers,gherkins, prepared or preserved by vinegar",336.907,0.128652,"Qatar -  Cucumbers,gherkins, prepared or preserved by vinegar"
325,887,Yemen,616,Poland,40," Natural rubber latex, including prevulcanised",327.705,0.00314,"Poland -  Natural rubber latex, including prevulcanised"
326,887,Yemen,048,Bahrain,96," Worked ivory, articles of ivory",324.558,0.62437,"Bahrain -  Worked ivory, articles of ivory"
327,887,Yemen,826,United Kingdom,87, Pedestrian controlled tractors,323.841,0.0028090000000000003,United Kingdom -  Pedestrian controlled tractors
328,887,Yemen,048,Bahrain,94," Seats, aircraft",321.665,0.040395,"Bahrain -  Seats, aircraft"
329,887,Yemen,512,Oman,44, Fuel wood,310.821,12.689165999999998,Oman -  Fuel wood
330,887,Yemen,784,United Arab Emirates,11, Wheat or meslin flour,308.079,0.582483,United Arab Emirates -  Wheat or meslin flour
331,887,Yemen,616,Poland,84, Nuclear reactors,299.827,0.002781,Poland -  Nuclear reactors
332,887,Yemen,512,Oman,40," Natural rubber latex, including prevulcanised",299.485,0.391098,"Oman -  Natural rubber latex, including prevulcanised"
333,887,Yemen,682,Saudi Arabia,61," Mens, boys overcoats, etc, of wool or hair, knit",276.221,0.10223900000000001,"Saudi Arabia -  Mens, boys overcoats, etc, of wool or hair, knit"
334,887,Yemen,032,Argentina,94," Seats, aircraft",273.682,0.008943,"Argentina -  Seats, aircraft"
335,887,Yemen,072,Botswana,90," Optical fibres, except for telecommunications",269.403,0.053762,"Botswana -  Optical fibres, except for telecommunications"
336,887,Yemen,032,Argentina,39, Polyethylene - specific gravity <0.94 in primary form,260.207,0.046812,Argentina -  Polyethylene - specific gravity <0.94 in primary form
337,887,Yemen,250,France,84, Nuclear reactors,256.122,0.003817,France -  Nuclear reactors
338,887,Yemen,156,China,25," Salt (sodium chloride) including solution, salt water",248.316,0.369145,"China -  Salt (sodium chloride) including solution, salt water"
339,887,Yemen,356,India,90," Optical fibres, except for telecommunications",246.867,2.9e-05,"India -  Optical fibres, except for telecommunications"
340,887,Yemen,682,Saudi Arabia,49," Brochures, leaflets and similar, in single sheets",246.481,0.023998000000000002,"Saudi Arabia -  Brochures, leaflets and similar, in single sheets"
341,887,Yemen,422,Lebanon,09," Coffee, not roasted, not decaffeinated",237.328,0.03655,"Lebanon -  Coffee, not roasted, not decaffeinated"
342,887,Yemen,414,Kuwait,57," Carpets of wool or fine animal hair, knotted",234.205,0.0030459999999999997,"Kuwait -  Carpets of wool or fine animal hair, knotted"
343,887,Yemen,608,Philippines,58," Woven pile fabric of wool or fine animal hair, w >30c",228.716,0.042103,"Philippines -  Woven pile fabric of wool or fine animal hair, w >30c"
344,887,Yemen,028,Antigua and Barbuda,95," Rideable wheeled toys, dolls carriages",220.522,0.00825,"Antigua and Barbuda -  Rideable wheeled toys, dolls carriages"
345,887,Yemen,152,Chile,68," Stone setts, curbstones, flagstones (except slate)",211.737,0.036463,"Chile -  Stone setts, curbstones, flagstones (except slate)"
346,887,Yemen,040,Austria,09," Coffee, not roasted, not decaffeinated",211.446,0.008265,"Austria -  Coffee, not roasted, not decaffeinated"
347,887,Yemen,020,Andorra,42," Saddlery and harness, of any material",210.438,0.002023,"Andorra -  Saddlery and harness, of any material"
348,887,Yemen,414,Kuwait,63, Electric blankets of textile material,209.514,0.002022,Kuwait -  Electric blankets of textile material
349,887,Yemen,784,United Arab Emirates,85, Electric motors of an output < 37.5 watts,209.434,0.09235800000000001,United Arab Emirates -  Electric motors of an output < 37.5 watts
350,887,Yemen,380,Italy,84, Nuclear reactors,207.249,0.191538,Italy -  Nuclear reactors
351,887,Yemen,040,Austria,82, Spades and shovels,206.221,0.002641,Austria -  Spades and shovels
352,887,Yemen,360,Indonesia,33, Essential oils of bergamot,205.772,0.019197,Indonesia -  Essential oils of bergamot
353,887,Yemen,372,Ireland,85, Electric motors of an output < 37.5 watts,197.836,0.001693,Ireland -  Electric motors of an output < 37.5 watts
354,887,Yemen,702,Singapore,70," Glass cullet, waste or scrap, glass in the mass",197.443,0.032286,"Singapore -  Glass cullet, waste or scrap, glass in the mass"
355,887,Yemen,380,Italy,76," Aluminium unwrought, not alloyed",194.934,0.179947,"Italy -  Aluminium unwrought, not alloyed"
356,887,Yemen,608,Philippines,84, Nuclear reactors,185.18,0.010386,Philippines -  Nuclear reactors
357,887,Yemen,048,Bahrain,84, Nuclear reactors,176.351,0.004690000000000001,Bahrain -  Nuclear reactors
358,887,Yemen,512,Oman,17," Raw sugar, cane",174.862,0.140797,"Oman -  Raw sugar, cane"
359,887,Yemen,156,China,40," Natural rubber latex, including prevulcanised",174.803,0.02609,"China -  Natural rubber latex, including prevulcanised"
360,887,Yemen,682,Saudi Arabia,95," Rideable wheeled toys, dolls carriages",173.003,2.13694,"Saudi Arabia -  Rideable wheeled toys, dolls carriages"
361,887,Yemen,056,Belgium,85, Electric motors of an output < 37.5 watts,167.609,0.000808,Belgium -  Electric motors of an output < 37.5 watts
362,887,Yemen,608,Philippines,60," ""Long pile"" knit or crochet textile fabric",165.837,0.15446100000000001,"Philippines -  ""Long pile"" knit or crochet textile fabric"
363,887,Yemen,826,United Kingdom,94," Seats, aircraft",165.477,0.7667,"United Kingdom -  Seats, aircraft"
364,887,Yemen,840,United States of America,65," Hat-forms, etc of felt, not shaped, no formed brim",165.32,0.015953,"United States of America -  Hat-forms, etc of felt, not shaped, no formed brim"
365,887,Yemen,729,Sudan,40," Natural rubber latex, including prevulcanised",161.278,0.12,"Sudan -  Natural rubber latex, including prevulcanised"
366,887,Yemen,400,Jordan,33, Essential oils of bergamot,160.237,0.006019,Jordan -  Essential oils of bergamot
367,887,Yemen,554,New Zealand,61," Mens, boys overcoats, etc, of wool or hair, knit",159.333,0.007320999999999999,"New Zealand -  Mens, boys overcoats, etc, of wool or hair, knit"
368,887,Yemen,203,Czechia,85, Electric motors of an output < 37.5 watts,155.15,0.001247,Czechia -  Electric motors of an output < 37.5 watts
369,887,Yemen,120,Cameroon,34," Soaps, for toilet use, solid",154.524,0.091781,"Cameroon -  Soaps, for toilet use, solid"
370,887,Yemen,784,United Arab Emirates,33, Essential oils of bergamot,152.759,0.406957,United Arab Emirates -  Essential oils of bergamot
371,887,Yemen,410,"Korea, Republic of",83, Padlocks of base metal,149.279,0.000475,"Korea, Republic of -  Padlocks of base metal"
372,887,Yemen,512,Oman,83, Padlocks of base metal,145.769,0.014391,Oman -  Padlocks of base metal
373,887,Yemen,076,Brazil,73, Sheet piling of iron or steel,143.712,0.026021000000000002,Brazil -  Sheet piling of iron or steel
374,887,Yemen,156,China,84, Nuclear reactors,142.844,0.001932,China -  Nuclear reactors
375,887,Yemen,616,Poland,87, Pedestrian controlled tractors,141.432,0.0034,Poland -  Pedestrian controlled tractors
376,887,Yemen,512,Oman,90," Optical fibres, except for telecommunications",137.563,0.011417,"Oman -  Optical fibres, except for telecommunications"
377,887,Yemen,156,China,33, Essential oils of bergamot,137.176,0.010811,China -  Essential oils of bergamot
378,887,Yemen,818,Egypt,90," Optical fibres, except for telecommunications",137.121,0.030696,"Egypt -  Optical fibres, except for telecommunications"
379,887,Yemen,729,Sudan,21," Coffee extracts, essences, concentrates, preparations",135.189,6.998,"Sudan -  Coffee extracts, essences, concentrates, preparations"
380,887,Yemen,554,New Zealand,82, Spades and shovels,133.967,0.016009,New Zealand -  Spades and shovels
381,887,Yemen,643,Russian Federation,73, Sheet piling of iron or steel,133.924,0.009215,Russian Federation -  Sheet piling of iron or steel
382,887,Yemen,048,Bahrain,10, Durum wheat,133.616,0.183257,Bahrain -  Durum wheat
383,887,Yemen,784,United Arab Emirates,48, Newsprint,133.035,0.174058,United Arab Emirates -  Newsprint
384,887,Yemen,380,Italy,14, Bamboos used primarily for plaiting,127.756,0.009274,Italy -  Bamboos used primarily for plaiting
385,887,Yemen,170,Colombia,73, Sheet piling of iron or steel,121.9,0.09605,Colombia -  Sheet piling of iron or steel
386,887,Yemen,048,Bahrain,15," Lard, other pig fat and poultry fat, rendered",118.81,0.33568200000000004,"Bahrain -  Lard, other pig fat and poultry fat, rendered"
387,887,Yemen,398,Kazakhstan,73, Sheet piling of iron or steel,114.065,0.0010220000000000001,Kazakhstan -  Sheet piling of iron or steel
388,887,Yemen,608,Philippines,39, Polyethylene - specific gravity <0.94 in primary form,111.482,0.00825,Philippines -  Polyethylene - specific gravity <0.94 in primary form
389,887,Yemen,702,Singapore,94," Seats, aircraft",110.764,0.019699,"Singapore -  Seats, aircraft"
390,887,Yemen,414,Kuwait,21," Coffee extracts, essences, concentrates, preparations",110.158,0.00369,"Kuwait -  Coffee extracts, essences, concentrates, preparations"
391,887,Yemen,512,Oman,63, Electric blankets of textile material,106.663,0.054986,Oman -  Electric blankets of textile material
392,887,Yemen,156,China,71," Pearls natural, not permanently mounted or set",102.869,1.9881030000000002,"China -  Pearls natural, not permanently mounted or set"
393,887,Yemen,208,Denmark,66, Garden and similar umbrellas,101.972,0.00063,Denmark -  Garden and similar umbrellas
394,887,Yemen,690,Seychelles,07," Potatoes seed, fresh or chilled",97.395,0.012185,"Seychelles -  Potatoes seed, fresh or chilled"
395,887,Yemen,784,United Arab Emirates,14, Bamboos used primarily for plaiting,97.106,0.037022,United Arab Emirates -  Bamboos used primarily for plaiting
396,887,Yemen,028,Antigua and Barbuda,68," Stone setts, curbstones, flagstones (except slate)",96.811,0.00825,"Antigua and Barbuda -  Stone setts, curbstones, flagstones (except slate)"
397,887,Yemen,012,Algeria,86," Rail locomotives, externally electrically powered",96.31,0.569432,"Algeria -  Rail locomotives, externally electrically powered"
398,887,Yemen,028,Antigua and Barbuda,62," Mens, boys overcoats of wool or hair, not knit",92.822,0.00825,"Antigua and Barbuda -  Mens, boys overcoats of wool or hair, not knit"
399,887,Yemen,729,Sudan,84, Nuclear reactors,91.66,0.1,Sudan -  Nuclear reactors
400,887,Yemen,756,"Switzerland, Liechtenstein",71," Pearls natural, not permanently mounted or set",89.041,0.000123,"Switzerland, Liechtenstein -  Pearls natural, not permanently mounted or set"
401,887,Yemen,784,United Arab Emirates,80, Tin not alloyed unwrought,88.063,1.461277,United Arab Emirates -  Tin not alloyed unwrought
402,887,Yemen,784,United Arab Emirates,82, Spades and shovels,86.689,0.042402,United Arab Emirates -  Spades and shovels
403,887,Yemen,512,Oman,32, Quebracho tanning extract,83.51,0.044414999999999996,Oman -  Quebracho tanning extract
404,887,Yemen,512,Oman,14, Bamboos used primarily for plaiting,81.098,0.022236000000000002,Oman -  Bamboos used primarily for plaiting
405,887,Yemen,784,United Arab Emirates,13, Lac,79.747,0.124023,United Arab Emirates -  Lac
406,887,Yemen,528,Netherlands (Kingdom of the),61," Mens, boys overcoats, etc, of wool or hair, knit",77.934,0.003979,"Netherlands (Kingdom of the) -  Mens, boys overcoats, etc, of wool or hair, knit"
407,887,Yemen,422,Lebanon,71," Pearls natural, not permanently mounted or set",77.7,0.005754,"Lebanon -  Pearls natural, not permanently mounted or set"
408,887,Yemen,048,Bahrain,22, Mineral and aerated waters not sweetened or flavoured,74.241,0.076811,Bahrain -  Mineral and aerated waters not sweetened or flavoured
409,887,Yemen,410,"Korea, Republic of",90," Optical fibres, except for telecommunications",72.671,0.020405,"Korea, Republic of -  Optical fibres, except for telecommunications"
410,887,Yemen,048,Bahrain,12, Soya beans,69.154,0.047424,Bahrain -  Soya beans
411,887,Yemen,410,"Korea, Republic of",17," Raw sugar, cane",66.158,0.005783,"Korea, Republic of -  Raw sugar, cane"
412,887,Yemen,048,Bahrain,76," Aluminium unwrought, not alloyed",62.083,0.03584300000000001,"Bahrain -  Aluminium unwrought, not alloyed"
413,887,Yemen,400,Jordan,61," Mens, boys overcoats, etc, of wool or hair, knit",60.592,0.0067,"Jordan -  Mens, boys overcoats, etc, of wool or hair, knit"
414,887,Yemen,360,Indonesia,25," Salt (sodium chloride) including solution, salt water",60.06,0.001552,"Indonesia -  Salt (sodium chloride) including solution, salt water"
415,887,Yemen,784,United Arab Emirates,17," Raw sugar, cane",59.638,0.052747,"United Arab Emirates -  Raw sugar, cane"
416,887,Yemen,051,Armenia,08," Coconuts, fresh or dried",58.852,0.11230200000000001,"Armenia -  Coconuts, fresh or dried"
417,887,Yemen,702,Singapore,49," Brochures, leaflets and similar, in single sheets",53.177,0.011189,"Singapore -  Brochures, leaflets and similar, in single sheets"
418,887,Yemen,404,Kenya,62," Mens, boys overcoats of wool or hair, not knit",51.975,0.014576,"Kenya -  Mens, boys overcoats of wool or hair, not knit"
419,887,Yemen,616,Poland,83, Padlocks of base metal,51.862,0.010932,Poland -  Padlocks of base metal
420,887,Yemen,834,"Tanzania, United Republic of",04, Milk not concentrated nor sweetened < 1% fat,49.568,0.008881,"Tanzania, United Republic of -  Milk not concentrated nor sweetened < 1% fat"
421,887,Yemen,818,Egypt,95," Rideable wheeled toys, dolls carriages",44.039,0.006564,"Egypt -  Rideable wheeled toys, dolls carriages"
422,887,Yemen,512,Oman,21," Coffee extracts, essences, concentrates, preparations",42.828,0.031873,"Oman -  Coffee extracts, essences, concentrates, preparations"
423,887,Yemen,056,Belgium,71," Pearls natural, not permanently mounted or set",39.415,0.045759,"Belgium -  Pearls natural, not permanently mounted or set"
424,887,Yemen,616,Poland,39, Polyethylene - specific gravity <0.94 in primary form,39.307,0.0074210000000000005,Poland -  Polyethylene - specific gravity <0.94 in primary form
425,887,Yemen,586,Pakistan,76," Aluminium unwrought, not alloyed",38.168,0.20103000000000001,"Pakistan -  Aluminium unwrought, not alloyed"
426,887,Yemen,788,Tunisia,84, Nuclear reactors,36.988,0.007642,Tunisia -  Nuclear reactors
427,887,Yemen,608,Philippines,90," Optical fibres, except for telecommunications",36.004,0.000633,"Philippines -  Optical fibres, except for telecommunications"
428,887,Yemen,818,Egypt,63, Electric blankets of textile material,31.226,0.023653,Egypt -  Electric blankets of textile material
429,887,Yemen,410,"Korea, Republic of",21," Coffee extracts, essences, concentrates, preparations",28.043,0.000805,"Korea, Republic of -  Coffee extracts, essences, concentrates, preparations"
430,887,Yemen,512,Oman,34," Soaps, for toilet use, solid",27.342,0.048653,"Oman -  Soaps, for toilet use, solid"
431,887,Yemen,512,Oman,42," Saddlery and harness, of any material",26.218,0.011753999999999999,"Oman -  Saddlery and harness, of any material"
432,887,Yemen,818,Egypt,44, Fuel wood,25.049,0.00117,Egypt -  Fuel wood
433,887,Yemen,250,France,62," Mens, boys overcoats of wool or hair, not knit",23.11,0.000746,"France -  Mens, boys overcoats of wool or hair, not knit"
434,887,Yemen,496,Mongolia,08," Coconuts, fresh or dried",23.105,0.020189,"Mongolia -  Coconuts, fresh or dried"
435,887,Yemen,616,Poland,73, Sheet piling of iron or steel,22.402,0.000429,Poland -  Sheet piling of iron or steel
436,887,Yemen,048,Bahrain,62," Mens, boys overcoats of wool or hair, not knit",18.809,0.000425,"Bahrain -  Mens, boys overcoats of wool or hair, not knit"
437,887,Yemen,784,United Arab Emirates,83, Padlocks of base metal,18.68,0.001789,United Arab Emirates -  Padlocks of base metal
438,887,Yemen,826,United Kingdom,62," Mens, boys overcoats of wool or hair, not knit",17.525,0.020435,"United Kingdom -  Mens, boys overcoats of wool or hair, not knit"
439,887,Yemen,048,Bahrain,19," Infant foods of cereals, flour, starch or milk, retai",17.516,0.019785,"Bahrain -  Infant foods of cereals, flour, starch or milk, retai"
440,887,Yemen,410,"Korea, Republic of",62," Mens, boys overcoats of wool or hair, not knit",17.316,0.000972,"Korea, Republic of -  Mens, boys overcoats of wool or hair, not knit"
441,887,Yemen,356,India,24," Tobacco, unmanufactured, not stemmed or stripped",14.826,0.016347,"India -  Tobacco, unmanufactured, not stemmed or stripped"
442,887,Yemen,040,Austria,76," Aluminium unwrought, not alloyed",14.215,0.012692,"Austria -  Aluminium unwrought, not alloyed"
443,887,Yemen,818,Egypt,62," Mens, boys overcoats of wool or hair, not knit",14.037,0.00044,"Egypt -  Mens, boys overcoats of wool or hair, not knit"
444,887,Yemen,410,"Korea, Republic of",33, Essential oils of bergamot,13.448,0.000746,"Korea, Republic of -  Essential oils of bergamot"
445,887,Yemen,156,China,90," Optical fibres, except for telecommunications",13.363,0.000722,"China -  Optical fibres, except for telecommunications"
446,887,Yemen,203,Czechia,08," Coconuts, fresh or dried",11.612,0.024632,"Czechia -  Coconuts, fresh or dried"
447,887,Yemen,818,Egypt,93," Military weapons, other than hand guns, swords, etc",11.513,0.013848000000000001,"Egypt -  Military weapons, other than hand guns, swords, etc"
448,887,Yemen,156,China,76," Aluminium unwrought, not alloyed",10.833,0.011926,"China -  Aluminium unwrought, not alloyed"
449,887,Yemen,840,United States of America,93," Military weapons, other than hand guns, swords, etc",10.715,0.001107,"United States of America -  Military weapons, other than hand guns, swords, etc"
450,887,Yemen,702,Singapore,25," Salt (sodium chloride) including solution, salt water",10.121,8.8e-05,"Singapore -  Salt (sodium chloride) including solution, salt water"
451,887,Yemen,702,Singapore,84, Nuclear reactors,9.794,0.507632,Singapore -  Nuclear reactors
452,887,Yemen,422,Lebanon,07," Potatoes seed, fresh or chilled",9.292,0.059368000000000004,"Lebanon -  Potatoes seed, fresh or chilled"
453,887,Yemen,784,United Arab Emirates,61," Mens, boys overcoats, etc, of wool or hair, knit",8.826,0.001509,"United Arab Emirates -  Mens, boys overcoats, etc, of wool or hair, knit"
454,887,Yemen,702,Singapore,65," Hat-forms, etc of felt, not shaped, no formed brim",8.299,0.008166,"Singapore -  Hat-forms, etc of felt, not shaped, no formed brim"
455,887,Yemen,784,United Arab Emirates,18," Cocoa beans, whole or broken, raw or roasted",7.415,0.010028,"United Arab Emirates -  Cocoa beans, whole or broken, raw or roasted"
456,887,Yemen,524,Nepal,85, Electric motors of an output < 37.5 watts,6.996,0.00066,Nepal -  Electric motors of an output < 37.5 watts
457,887,Yemen,516,Namibia,62," Mens, boys overcoats of wool or hair, not knit",6.99,0.000299,"Namibia -  Mens, boys overcoats of wool or hair, not knit"
458,887,Yemen,784,United Arab Emirates,41," Bovine skins, whole, raw",6.124,0.001379,"United Arab Emirates -  Bovine skins, whole, raw"
459,887,Yemen,818,Egypt,19," Infant foods of cereals, flour, starch or milk, retai",5.021,0.00182,"Egypt -  Infant foods of cereals, flour, starch or milk, retai"
460,887,Yemen,478,Mauritania,30," Glands and other organs, dried, for therapeutic uses",4.911,0.00019600000000000002,"Mauritania -  Glands and other organs, dried, for therapeutic uses"
461,887,Yemen,372,Ireland,61," Mens, boys overcoats, etc, of wool or hair, knit",4.888,2e-05,"Ireland -  Mens, boys overcoats, etc, of wool or hair, knit"
462,887,Yemen,818,Egypt,33, Essential oils of bergamot,4.32,0.000132,Egypt -  Essential oils of bergamot
463,887,Yemen,040,Austria,64," Waterproof footwear (Wellingtons etc), metal toe cap",4.247,0.000134,"Austria -  Waterproof footwear (Wellingtons etc), metal toe cap"
464,887,Yemen,512,Oman,52," Cotton, not carded or combed",3.717,0.004709,"Oman -  Cotton, not carded or combed"
465,887,Yemen,682,Saudi Arabia,06," Bulbs, tubers, corms, crowns and rhizomes, dormant",3.64,0.005405,"Saudi Arabia -  Bulbs, tubers, corms, crowns and rhizomes, dormant"
466,887,Yemen,788,Tunisia,41," Bovine skins, whole, raw",3.489,0.000646,"Tunisia -  Bovine skins, whole, raw"
467,887,Yemen,634,Qatar,07," Potatoes seed, fresh or chilled",2.747,0.020581,"Qatar -  Potatoes seed, fresh or chilled"
468,887,Yemen,616,Poland,41," Bovine skins, whole, raw",2.459,9.7e-05,"Poland -  Bovine skins, whole, raw"
469,887,Yemen,512,Oman,18," Cocoa beans, whole or broken, raw or roasted",1.979,0.005154,"Oman -  Cocoa beans, whole or broken, raw or roasted"
470,887,Yemen,048,Bahrain,71," Pearls natural, not permanently mounted or set",1.68,0.00046100000000000004,"Bahrain -  Pearls natural, not permanently mounted or set"
471,887,Yemen,048,Bahrain,14, Bamboos used primarily for plaiting,1.549,0.000958,Bahrain -  Bamboos used primarily for plaiting
472,887,Yemen,634,Qatar,14, Bamboos used primarily for plaiting,1.063,0.000423,Qatar -  Bamboos used primarily for plaiting
473,887,Yemen,512,Oman,06," Bulbs, tubers, corms, crowns and rhizomes, dormant",0.627,0.000533,"Oman -  Bulbs, tubers, corms, crowns and rhizomes, dormant"
474,887,Yemen,512,Oman,75, Nickel mattes,0.368,0.00014000000000000001,Oman -  Nickel mattes
475,887,Yemen,512,Oman,01," Horses, live pure-bred breeding",0.319,5.7e-05,"Oman -  Horses, live pure-bred breeding"
476,887,Yemen,818,Egypt,24," Tobacco, unmanufactured, not stemmed or stripped",0.215,5e-05,"Egypt -  Tobacco, unmanufactured, not stemmed or stripped"
477,887,Yemen,784,United Arab Emirates,75, Nickel mattes,0.054,0.00011700000000000001,United Arab Emirates -  Nickel mattes
478,887,Yemen,364,Iran (Islamic Republic of),71," Pearls natural, not permanently mounted or set",0.031,1.3e-05,"Iran (Islamic Republic of) -  Pearls natural, not permanently mounted or set"
479,887,Yemen,512,Oman,58," Woven pile fabric of wool or fine animal hair, w >30c",0.002,0.0,"Oman -  Woven pile fabric of wool or fine animal hair, w >30c"
480,887,Yemen,012,Algeria,84, Nuclear reactors,0.0,0.0,Algeria -  Nuclear reactors
481,887,Yemen,156,China,41," Bovine skins, whole, raw",0.0,0.0,"China -  Bovine skins, whole, raw"
482,887,Yemen,144,Sri Lanka,87, Pedestrian controlled tractors,0.0,0.0,Sri Lanka -  Pedestrian controlled tractors
483,887,Yemen,012,Algeria,62," Mens, boys overcoats of wool or hair, not knit",0.0,0.0,"Algeria -  Mens, boys overcoats of wool or hair, not knit"
